8TH ST AND INDEPENDENCE AVE, SE washington dc
15TH ST AND R ST, NW washington dc
19TH ST AND S ST, NW washington dc
7TH ST AND Q ST, NW washington dc
8TH ST AND E ST, NE washington dc
4TH ST AND G ST, SW washington dc
3RD ST AND E ST, NW washington dc
2ND ST AND G ST, NE washington dc
COLUMBUS CIR AND MASSACHUSETTS AVE, NE washington dc
2ND ST AND G ST, NE washington dc
15TH ST AND R ST, NW washington dc
COLUMBUS CIR AND MASSACHUSETTS AVE, NE washington dc
12TH ST AND INDEPENDENCE AVE, SW washington dc
8TH ST AND NORTH CAROLINA AVE, SE washington dc
17TH ST AND Q ST, NW washington dc
7TH ST AND D ST, SE washington dc
COLUMBUS CIR AND MASSACHUSETTS AVE, NE washington dc
15TH ST AND R ST, NW washington dc
8TH ST AND G ST, NE washington dc
1ST ST AND M ST, NE washington dc
7TH ST AND INDEPENDENCE AVE, SW washington dc
4TH ST AND INDEPENDENCE AVE, SW washington dc
17TH ST AND Q ST, NW washington dc
NEW HAMPSHIRE AVE AND R ST, NW washington dc
19TH ST AND DUPONT CIR, NW washington dc
4TH ST AND INDEPENDENCE AVE, SE washington dc
4TH ST AND EAST CAPITOL ST, BN washington dc
1ST ST AND M ST, NE washington dc
4TH ST AND INDEPENDENCE AVE, SW washington dc
15TH ST AND M ST, NW washington dc
13TH ST AND M ST, NW washington dc
21ST ST AND M ST, NW washington dc
6TH ST AND K ST, NE washington dc
8TH ST AND NORTH CAROLINA AVE, SE washington dc
4TH ST AND K ST, NW washington dc
15TH ST AND V ST, NW washington dc
14TH ST AND U ST, NW washington dc
WISCONSIN AVE AND UPTON ST, NW washington dc
15TH ST AND CHURCH ST, NW washington dc
2ND ST AND K ST, NE washington dc
HOLMEAD PL AND PARK RD, NW washington dc
18TH ST AND CALIFORNIA ST, NW washington dc
17TH ST AND L ST, NW washington dc
10TH ST AND MASSACHUSETTS AVE, NW washington dc
9TH ST AND T ST, NW washington dc
11TH ST AND CONSTITUTION AVE, NE washington dc
17TH ST AND P ST, NW washington dc
17TH ST AND P ST, NW washington dc
17TH ST AND Q ST, NW washington dc
17TH ST AND Q ST, NW washington dc
15TH ST AND O ST, NW washington dc
2ND ST AND K ST, NE washington dc
15TH ST AND R ST, NW washington dc
15TH ST AND RHODE ISLAND AVE, NW washington dc
14TH ST AND T ST, NW washington dc
14TH ST AND R ST, NW washington dc
11TH ST AND M ST, NW washington dc
15TH ST AND CHURCH ST, NW washington dc
17TH ST AND Q ST, NW washington dc
CONNECTICUT AVE AND K ST, NW washington dc
COLUMBIA RD AND QUARRY RD, NW washington dc
17TH ST AND K ST, NW washington dc
5TH ST AND K ST, NW washington dc
